track_id,track_name,artist_name,danceability,energy,valence,tempo,context_tags,liked,skipped,replayed

1,RUDE!,Hearts2Hearts,0.72,0.81,0.76,128,"Now,Workout",1,0,1
2,Graduation,Exhibition,0.45,0.38,0.62,92,"Memories,School",1,0,1
3,Jasmine,DPR LIVE,0.68,0.54,0.71,96,"Rest,Memories",0,1,0
4,アイスコーヒー,VIDA Hollywood,0.61,0.49,0.58,105,"Moving",0,1,0
5,APT,Rosé,0.84,0.91,0.82,126,"Party,Now",1,0,1
6,Ditto,NewJeans,0.60,0.55,0.75,110,"Memories,Cafe",1,0,0
7,Blue,DPR,0.42,0.32,0.45,88,"Night,Rest",0,1,0
8,Supernova,aespa,0.89,0.93,0.77,132,"Workout,Driving",1,0,1
